{"cameraMode":{"drawMode":0,"name":"Shaded","section":"Shading Mode"},"sceneLighting":true,"audioPlay":false,"sceneViewState":{"showFog":true,"showMaterialUpdate":false,"showSkybox":true,"showFlares":true,"showImageEffects":true,"showParticleSystems":true},"in2DMode":false,"pivot":{"x":0.12367051839828491,"y":-1.0858993530273438,"z":2.3407986164093019},"rotation":{"x":-0.26916971802711489,"y":0.42185908555984499,"z":-0.13272340595722199,"w":-0.8555569648742676},"size":12.669694900512696,"orthographic":false}